Strain,Protein,Mutation,Position_AA
B.1.1.7,S,H69-,69
B.1.1.7,S,V70-,70
B.1.1.7,S,Y144-,144
B.1.1.7,S,N501Y,501
B.1.1.7,S,A570D,570
B.1.1.7,S,D614G,614
B.1.1.7,S,P681H,681
B.1.1.7,S,T716I,716
B.1.1.7,S,D982A,982
B.1.1.7,S,D1118H,1118
B.1.1.7,ORF1a,T1001I,1001
B.1.1.7,ORF1a,A1708D,1708
B.1.1.7,ORF1a,I2230T,2230
B.1.1.7,ORF1a,S3675-,3675
B.1.1.7,ORF1a,G3676-,3676
B.1.1.7,ORF1a,F3677-,3677
B.1.1.7,N,D3L,3
B.1.1.7,N,R203K,203
B.1.1.7,N,G204R,204
B.1.1.7,N,S235F,235
B.1.1.7,ORF1b,P314L,314
B.1.1.7,ORF8,Q27*,27
B.1.1.7,ORF8,R52I,52
B.1.1.7,ORF8,Y73C,73
B.1.351,S,D80A,80
B.1.351,S,D215G,215
B.1.351,S,L241-,241
B.1.351,S,L242-,242
B.1.351,S,A243-,243
B.1.351,S,L417N,417
B.1.351,S,E484K,484
B.1.351,S,N501Y,501
B.1.351,S,D614G,614
B.1.351,S,A701V,701
B.1.351,ORF3a,Q57H,57
B.1.351,ORF1a,T265I,265
B.1.351,ORF1a,K2655N,2655
B.1.351,ORF1a,K3353R,3353
B.1.351,ORF1a,S3675-,3675
B.1.351,ORF1a,G3676-,3676
B.1.351,ORF1a,G3677-,3677
B.1.351,N,T205I,205
B.1.351,ORF1b,P314L,314
B.1.351,E,P71L,71
P.1,S,L18F,18
P.1,S,T20N,20
P.1,S,P26S,26
P.1,S,D138Y,138
P.1,S,R190S,190
P.1,S,K417T,417
P.1,S,E484K,484
P.1,S,N501Y,501
P.1,S,D614G,614
P.1,S,H655Y,655
P.1,S,T1027I,1027
P.1,S,V1176F,1176
P.1,ORF3a,S253P,253
P.1,ORF1a,S1188L,1188
P.1,ORF1a,K1795Q,1795
P.1,ORF1a,S3675-,3675
P.1,ORF1a,S3676-,3676
P.1,ORF1a,S3677-,3677
P.1,N,P80R,80
P.1,N,R203K,203
P.1,N,G204R,204
P.1,ORF1b,P80R,80
P.1,ORF1b,E1264D,1264
P.1,ORF8,E92K,92
B.1.427/9,S,S13I,13
B.1.427/9,S,W152C,152
B.1.427/9,S,L452R,452
B.1.427/9,S,D614G,614
B.1.427/9,ORF1a,I4205V,4205
B.1.427/9,ORF1b,D1183Y,1183
B.1.526,S,L5F,5
B.1.526,S,T95I,95
B.1.526,S,D253G,253
B.1.526,S,E484K,484
B.1.526,S,D614G,614
B.1.526,S,A701V,701
B.1.526,ORF1b,P314L,314
B.1.526,ORF1b,Q1011H,1011
B.1.526,ORF3a,P42L,42
B.1.526,ORF3a,Q57H,57
B.1.526,ORF1a,T265I,265
B.1.526,ORF1a,L3201P,3201
B.1.526,ORF1a,S3675-,3675
B.1.526,ORF1a,S3676-,3676
B.1.526,ORF1a,S3677-,3677
B.1.526,N,P199L,199
B.1.526,N,M234I,234
B.1.526,ORF8,T11I,11
B.1.525,S,Q52R,52
B.1.525,S,A67V,67
B.1.525,S,H69-,69
B.1.525,S,V70-,70
B.1.525,S,Y144-,144
B.1.525,S,E484K,484
B.1.525,S,D614G,614
B.1.525,S,Q677H,677
B.1.525,S,F888L,888
B.1.525,ORF1b,P314F,314
B.1.525,N,S2-,2
B.1.525,N,D3Y,3
B.1.525,N,A12G,12
B.1.525,N,T205I,205
B.1.525,M,I82T,82
B.1.525,ORF1a,T2007I,2007
B.1.525,ORF1a,S3675-,3675
B.1.525,ORF1a,S3676-,3676
B.1.525,ORF1a,S3677-,3677
B.1.525,E,L21F,21
B.1.525,ORF6,F2-,2
B.1.617.1,S,E154K,154
B.1.617.1,S,L452R,452
B.1.617.1,S,E484Q,484
B.1.617.1,S,D614G,614
B.1.617.1,S,P681R,681
B.1.617.1,S,Q1071H,1071
B.1.617.1,ORF1b,P314L,314
B.1.617.1,ORF1b,G1129C,1129
B.1.617.1,ORF1b,M1352I,1352
B.1.617.1,ORF1b,K2310R,2310
B.1.617.1,ORF1b,S2312A,2312
B.1.617.1,N,R203M,203
B.1.617.1,N,D377Y,377
B.1.617.1,M,I82S,82
B.1.617.1,ORF3a,S26L,26
B.1.617.1,ORF1a,T1567I,1567
B.1.617.1,ORF1a,T3646A,3646
B.1.617.1,ORF7a,V82A,82
B.1.617.2,S,T19R,19
B.1.617.2,S,E156-,156
B.1.617.2,S,F157-,157
B.1.617.2,S,R158G,158
B.1.617.2,S,L452R,452
B.1.617.2,S,T478K,478
B.1.617.2,S,D614G,614
B.1.617.2,S,P681R,681
B.1.617.2,S,D950N,950
B.1.617.2,ORF1b,P314L,314
B.1.617.2,ORF1b,P1000L,1000
B.1.617.2,M,I82T,82
B.1.617.2,N,D63G,63
B.1.617.2,N,R203M,203
B.1.617.2,N,D377Y,377
B.1.617.2,ORF3a,S26L,26
B.1.617.2,ORF7a,V82A,82
B.1.617.2,ORF7a,T120I,120